case_name,method,dataset,shots,seed,split,class_id,count,PM_logits_acc,MC_logits_MI,PM_logits_conf,PM_rep_acc,MC_rep_MI,PM_rep_conf,PM_fusion_acc,MC_fusion_MI,PM_fusion_conf
BayesMMRL_caltech101_16shot_seed1,BayesMMRL,caltech101,16,1,test,0,130,0.9923076923076923,0.002742421841965272,0.9695992270341286,1.0,0.001570197495031887,0.9881983021130929,1.0,0.0005437542397815448,0.9927465768960806
BayesMMRL_caltech101_16shot_seed1,BayesMMRL,caltech101,16,1,test,1,60,0.95,0.0074576932160804665,0.9290860871473948,0.9,0.01156743969974438,0.9643401106198629,0.95,0.006340531279177716,0.9552516907453537
BayesMMRL_caltech101_16shot_seed1,BayesMMRL,caltech101,16,1,test,2,239,1.0,0.0002888538153787537,0.9919528322738583,1.0,0.00017496459071610169,0.9978143869583577,1.0,6.116690332358353e-05,0.9980459235702099
BayesMMRL_caltech101_16shot_seed1,BayesMMRL,caltech101,16,1,test,3,16,1.0,2.982652904393035e-05,0.9997503496706486,1.0,2.6757638380559e-06,0.999989278614521,1.0,4.386003638501279e-06,0.9999682046473026
BayesMMRL_caltech101_16shot_seed1,BayesMMRL,caltech101,16,1,test,4,240,1.0,0.001096562734649827,0.9813763623436292,0.975,0.002362550915737908,0.9690615816662709,1.0,0.0004966869601048529,0.9900206630428632
BayesMMRL_caltech101_16shot_seed1,BayesMMRL,caltech101,16,1,test,5,13,0.8461538461538461,0.017445755885161746,0.8728972902664771,0.8461538461538461,0.017091944090854946,0.939443840430333,0.8461538461538461,0.010356770720626138,0.9368605476159316
BayesMMRL_caltech101_16shot_seed1,BayesMMRL,caltech101,16,1,test,6,13,1.0,0.009321684340158334,0.9487768824283893,1.0,0.0136668616148829,0.9570833444595337,1.0,0.004549882929915419,0.9794319180341867
BayesMMRL_caltech101_16shot_seed1,BayesMMRL,caltech101,16,1,test,7,14,1.0,0.000100693192507606,0.9992681528840747,1.0,0.00012592643179232255,0.9989820037569318,1.0,4.285387383008908e-05,0.9995586105755397
BayesMMRL_caltech101_16shot_seed1,BayesMMRL,caltech101,16,1,test,8,16,1.0,0.002067590985006973,0.983166728168726,1.0,0.0023681420761931804,0.9817361012101173,1.0,0.0006626834923508795,0.9918416254222393
BayesMMRL_caltech101_16shot_seed1,BayesMMRL,caltech101,16,1,test,9,14,0.9285714285714286,0.011395494836116475,0.9273193265710559,0.7857142857142857,0.0323496965925837,0.8807465348924909,0.9285714285714286,0.012899921011661977,0.9130380025931767
BayesMMRL_caltech101_16shot_seed1,BayesMMRL,caltech101,16,1,test,10,10,0.9,0.009077909850748255,0.9258608043193817,0.9,0.006714799976907671,0.9488633096218109,0.9,0.008212070062290877,0.9476191163063049
BayesMMRL_caltech101_16shot_seed1,BayesMMRL,caltech101,16,1,test,11,38,1.0,6.398738993371616e-05,0.9992705254178298,1.0,1.416081285673212e-05,0.9999493078181618,1.0,7.831425041092044e-06,0.9999061148417624
BayesMMRL_caltech101_16shot_seed1,BayesMMRL,caltech101,16,1,test,12,29,1.0,0.001095539767792898,0.9827523334272976,1.0,4.6293624046515545e-05,0.9996579392202969,1.0,9.628199241605813e-05,0.9984455560815746
BayesMMRL_caltech101_16shot_seed1,BayesMMRL,caltech101,16,1,test,13,12,0.9166666666666666,0.00444951329457884,0.9789570967356364,0.9166666666666666,0.0006684186998124156,0.9977452258268992,0.9166666666666666,0.0021712533731867247,0.9910199493169785
BayesMMRL_caltech101_16shot_seed1,BayesMMRL,caltech101,16,1,test,14,26,1.0,0.00014752150477411656,0.99816360611182,1.0,0.0007384153342662522,0.9957979252705207,1.0,6.486769192493879e-05,0.9992707463411185
BayesMMRL_caltech101_16shot_seed1,BayesMMRL,caltech101,16,1,test,15,27,1.0,0.0042952378970329405,0.9529194633165995,0.9629629629629629,0.00645396747481923,0.9614136086569892,1.0,0.003060342041189196,0.9705058490788495
BayesMMRL_caltech101_16shot_seed1,BayesMMRL,caltech101,16,1,test,16,15,1.0,0.004176513353983561,0.9528034090995788,1.0,0.0020596037715828667,0.9931311011314392,1.0,0.0030183471739292146,0.9773271322250366
BayesMMRL_caltech101_16shot_seed1,BayesMMRL,caltech101,16,1,test,17,12,0.9166666666666666,0.002163952332921326,0.9641765604416529,1.0,0.0003320379898165508,0.9987869262695312,1.0,0.0021612467583812154,0.9736671696106592
BayesMMRL_caltech101_16shot_seed1,BayesMMRL,caltech101,16,1,test,18,36,1.0,0.002106798088384999,0.977155327796936,1.0,0.00012727671128232032,0.998333012064298,1.0,0.00018582231779065396,0.9966220772928662
BayesMMRL_caltech101_16shot_seed1,BayesMMRL,caltech101,16,1,test,19,14,1.0,0.0029603076202745016,0.9775517753192356,1.0,0.005680022235080985,0.9883925999913897,1.0,0.0022831994774605846,0.988725836787905
BayesMMRL_caltech101_16shot_seed1,BayesMMRL,caltech101,16,1,test,20,17,1.0,0.001867099226835896,0.9936113392605501,1.0,0.0003785561917431872,0.9991340637207031,1.0,0.0007410372490994632,0.9978604982880985
BayesMMRL_caltech101_16shot_seed1,BayesMMRL,caltech101,16,1,test,21,19,0.631578947368421,0.016632704358351857,0.7084983367668954,0.47368421052631576,0.017535563399034896,0.8630524497283133,0.47368421052631576,0.01309502105179586,0.7659648688215959
BayesMMRL_caltech101_16shot_seed1,BayesMMRL,caltech101,16,1,test,22,32,0.96875,0.0030501687178912107,0.9675061460584402,1.0,0.00012632798689082847,0.9994231332093477,1.0,0.0010853031799342716,0.9885392524302006
BayesMMRL_caltech101_16shot_seed1,BayesMMRL,caltech101,16,1,test,23,14,1.0,0.007346739526838064,0.9082259344203132,1.0,0.009003641668251865,0.9643983159746442,1.0,0.0058949046568678954,0.9450423674924033
BayesMMRL_caltech101_16shot_seed1,BayesMMRL,caltech101,16,1,test,24,21,0.9047619047619048,0.004087542981973716,0.9236504208473932,0.9523809523809523,0.0035924070439791863,0.986767277831123,0.9047619047619048,0.0026649891931031433,0.9571175291424706
BayesMMRL_caltech101_16shot_seed1,BayesMMRL,caltech101,16,1,test,25,22,0.9090909090909091,0.01524663149294528,0.9332595223730261,0.8636363636363636,0.020576114195137052,0.9702732535925779,0.9090909090909091,0.011885320069268346,0.9643904214555566
BayesMMRL_caltech101_16shot_seed1,BayesMMRL,caltech101,16,1,test,26,21,0.6666666666666666,0.019855858314604985,0.8922786769412813,0.6666666666666666,0.034751203207720426,0.9122510552406311,0.6666666666666666,0.01848134318632739,0.9091910223166147
BayesMMRL_caltech101_16shot_seed1,BayesMMRL,caltech101,16,1,test,27,15,1.0,0.010597754766543706,0.8976235787073771,0.8666666666666667,0.022643789761544516,0.9163662552833557,1.0,0.010990339455505212,0.9075577775637309
BayesMMRL_caltech101_16shot_seed1,BayesMMRL,caltech101,16,1,test,28,15,0.5333333333333333,0.018628079692522684,0.7668486754099528,0.6,0.04229099901858717,0.8942477822303772,0.6,0.018363545338312786,0.8362594366073608
BayesMMRL_caltech101_16shot_seed1,BayesMMRL,caltech101,16,1,test,29,18,0.8888888888888888,0.003994721815817886,0.9341507620281644,0.9444444444444444,0.0029008901730978526,0.9672119816144308,0.8888888888888888,0.0025903722918074992,0.9410723480913374
BayesMMRL_caltech101_16shot_seed1,BayesMMRL,caltech101,16,1,test,30,20,1.0,0.00010019754990935326,0.9982265651226043,1.0,0.00044997978288847663,0.9994420677423477,1.0,1.2679441715590655e-05,0.9998599827289582
BayesMMRL_caltech101_16shot_seed1,BayesMMRL,caltech101,16,1,test,31,16,1.0,0.0002910460316343233,0.9959460683166981,1.0,0.00452620038793583,0.9874148480594158,1.0,0.0004917015439787065,0.9953171871602535
BayesMMRL_caltech101_16shot_seed1,BayesMMRL,caltech101,16,1,test,32,20,1.0,0.003655164421070367,0.9620474457740784,1.0,0.0033929174242075533,0.9954111814498902,1.0,0.0033454279488069004,0.9798240453004837
BayesMMRL_caltech101_16shot_seed1,BayesMMRL,caltech101,16,1,test,33,20,0.95,0.015380064910277724,0.8849164873361588,0.95,0.028654392175030807,0.9523265063762665,1.0,0.01606998638017103,0.9358344405889512
BayesMMRL_caltech101_16shot_seed1,BayesMMRL,caltech101,16,1,test,34,22,1.0,0.0016377665610475974,0.97370476343415,0.9545454545454546,0.005421614237341352,0.9729340780865062,1.0,0.0015905041707975959,0.9825159175829454
BayesMMRL_caltech101_16shot_seed1,BayesMMRL,caltech101,16,1,test,35,19,1.0,0.002387598451030882,0.9791502042820579,1.0,0.004526469296634835,0.9840966588572452,1.0,0.0023241644284050715,0.9879461777837653
BayesMMRL_caltech101_16shot_seed1,BayesMMRL,caltech101,16,1,test,36,16,1.0,0.005815224860270973,0.9684594199061394,1.0,0.01094874599607465,0.971457164734602,1.0,0.006507726262498181,0.9746877513825893
BayesMMRL_caltech101_16shot_seed1,BayesMMRL,caltech101,16,1,test,37,19,1.0,0.0028456680133546654,0.9632148272112796,1.0,0.0006248534191399813,0.9961757126607393,1.0,0.001550601109078056,0.9828210504431474
BayesMMRL_caltech101_16shot_seed1,BayesMMRL,caltech101,16,1,test,38,26,1.0,0.00034859085952540714,0.9954067239394555,1.0,0.0010731254620063386,0.9923422153179462,1.0,0.00029347584831367177,0.9953823639796331
BayesMMRL_caltech101_16shot_seed1,BayesMMRL,caltech101,16,1,test,39,20,0.9,0.003561689180060057,0.9263772457838059,1.0,0.0034158027781813873,0.9658821851015091,1.0,0.0019025234767468646,0.9728512346744538
BayesMMRL_caltech101_16shot_seed1,BayesMMRL,caltech101,16,1,test,40,20,1.0,0.005012928321957588,0.951336932182312,1.0,0.004298702151072575,0.9911253869533538,1.0,0.002309566433541477,0.9802453577518463
BayesMMRL_caltech101_16shot_seed1,BayesMMRL,caltech101,16,1,test,41,14,0.7857142857142857,0.016193340931619917,0.8047849323068347,0.9285714285714286,0.019976294012459612,0.9628403186798096,0.9285714285714286,0.010574149500046457,0.9132705926895142
BayesMMRL_caltech101_16shot_seed1,BayesMMRL,caltech101,16,1,test,42,10,1.0,0.0004652447300031781,0.996490079164505,1.0,2.42837434257126e-05,0.9997601568698883,1.0,0.00010011442063841968,0.9993136346340179
BayesMMRL_caltech101_16shot_seed1,BayesMMRL,caltech101,16,1,test,43,10,0.9,0.01043937811627984,0.9349081754684448,0.9,0.008572140147225581,0.9504879057407379,0.9,0.004627447866369039,0.9728572130203247
BayesMMRL_caltech101_16shot_seed1,BayesMMRL,caltech101,16,1,test,44,15,1.0,0.001293644440981249,0.9811526656150817,1.0,0.00039208804131097473,0.9973809957504273,1.0,0.000586816497767965,0.9935234308242797
BayesMMRL_caltech101_16shot_seed1,BayesMMRL,caltech101,16,1,test,45,29,0.9655172413793104,0.0014561558431335565,0.971504473480685,1.0,0.0015226087004427018,0.992628983382521,0.9655172413793104,0.0014157877775342685,0.9739606257142692
BayesMMRL_caltech101_16shot_seed1,BayesMMRL,caltech101,16,1,test,46,30,0.9666666666666667,0.0188777310361426,0.9407177696625392,0.9666666666666667,0.0099480101763915,0.981617538134257,0.9666666666666667,0.010928836695878392,0.9693856815497081
BayesMMRL_caltech101_16shot_seed1,BayesMMRL,caltech101,16,1,test,47,13,1.0,0.0009612282200788076,0.9839852406428411,0.9230769230769231,0.0032218534299597824,0.9689705005058875,1.0,0.000741609766219671,0.9871672116793119
BayesMMRL_caltech101_16shot_seed1,BayesMMRL,caltech101,16,1,test,48,16,1.0,0.0034322743777011055,0.957099299877882,0.875,0.0029157421267882455,0.9918669983744621,0.875,0.002762001930932456,0.956944189965725
BayesMMRL_caltech101_16shot_seed1,BayesMMRL,caltech101,16,1,test,49,26,1.0,0.0024222298995412598,0.9865053662886987,1.0,0.007757297593063693,0.9704678459809377,1.0,0.003048256241107503,0.9880299270153046
BayesMMRL_caltech101_16shot_seed1,BayesMMRL,caltech101,16,1,test,50,24,1.0,0.0009995812870329246,0.9760865569114685,0.875,0.00341310928843086,0.9666271731257439,1.0,0.0007865135855051145,0.965461735924085
BayesMMRL_caltech101_16shot_seed1,BayesMMRL,caltech101,16,1,test,51,9,1.0,4.824311165268429e-06,0.9999692307578193,1.0,1.7643409238290687e-06,0.9999953243467543,1.0,1.701558378246975e-06,0.9999895228279961
BayesMMRL_caltech101_16shot_seed1,BayesMMRL,caltech101,16,1,test,52,19,0.9473684210526315,0.0028158341914317326,0.9579509167294753,0.9473684210526315,0.004262869372225671,0.9892362230702451,0.9473684210526315,0.004466835602215724,0.9581081035890078
BayesMMRL_caltech101_16shot_seed1,BayesMMRL,caltech101,16,1,test,53,26,1.0,0.002518014364446012,0.9760732398583338,1.0,0.0017571697653168555,0.9960806094683133,1.0,0.0007774140685796738,0.9963310636006869
BayesMMRL_caltech101_16shot_seed1,BayesMMRL,caltech101,16,1,test,54,34,0.8235294117647058,0.015012285726911882,0.8558156770818374,0.7647058823529411,0.01845163689337342,0.9261227740960962,0.7941176470588235,0.010341607801177922,0.8811194773982552
BayesMMRL_caltech101_16shot_seed1,BayesMMRL,caltech101,16,1,test,55,19,0.8421052631578947,0.004248924879663575,0.946502823578684,0.8421052631578947,0.012623117586420114,0.923530870362332,0.8947368421052632,0.005827063328500739,0.9407516137549752
BayesMMRL_caltech101_16shot_seed1,BayesMMRL,caltech101,16,1,test,56,25,1.0,0.00014495627721771597,0.9984410190582276,1.0,9.151608392130583e-06,0.9998231816291809,1.0,2.1656046155840157e-05,0.9996372485160827
BayesMMRL_caltech101_16shot_seed1,BayesMMRL,caltech101,16,1,test,57,23,1.0,0.00536836004998211,0.9465528415597003,0.9130434782608695,0.0050213849781753,0.9509359423233115,1.0,0.0038687007238521524,0.960755599581677
BayesMMRL_caltech101_16shot_seed1,BayesMMRL,caltech101,16,1,test,58,13,0.6923076923076923,0.015267029404640198,0.8678841820129981,0.7692307692307693,0.026272344654269267,0.9000193384977487,0.7692307692307693,0.012712071004968423,0.8966323779179499
BayesMMRL_caltech101_16shot_seed1,BayesMMRL,caltech101,16,1,test,59,20,0.6,0.019308154284954072,0.7938133895397186,0.65,0.02522758810700907,0.9644490987062454,0.7,0.015077611478045583,0.8745788425207138
BayesMMRL_caltech101_16shot_seed1,BayesMMRL,caltech101,16,1,test,60,12,0.8333333333333334,0.014682591582338015,0.8662746747334799,0.75,0.025808322245211457,0.9363827655712763,0.9166666666666666,0.017874146753456444,0.8681024586160978
BayesMMRL_caltech101_16shot_seed1,BayesMMRL,caltech101,16,1,test,61,12,0.8333333333333334,0.013771332489947477,0.8941553259889284,0.8333333333333334,0.011799400754777404,0.9430701384941736,0.75,0.013516972733971974,0.9238821069399515
BayesMMRL_caltech101_16shot_seed1,BayesMMRL,caltech101,16,1,test,62,26,1.0,2.3496124553135953e-05,0.9995373579171988,1.0,3.5758759243237773e-06,0.999979901772279,1.0,1.4596182784141722e-06,0.999979032919957
BayesMMRL_caltech101_16shot_seed1,BayesMMRL,caltech101,16,1,test,63,10,1.0,0.00016750341933402524,0.9995964109897614,1.0,3.96199254282692e-05,0.9999382615089416,1.0,6.324846617644653e-06,0.9999693989753723
BayesMMRL_caltech101_16shot_seed1,BayesMMRL,caltech101,16,1,test,64,23,0.9565217391304348,0.007914166528043215,0.9713225882986317,1.0,0.004696326673658167,0.9927558069643767,1.0,0.008125531188536273,0.9659577724726304
BayesMMRL_caltech101_16shot_seed1,BayesMMRL,caltech101,16,1,test,65,16,1.0,0.0020190666800772306,0.9888226017355919,0.9375,0.006153537957334976,0.9809248074889183,1.0,0.004219200915940746,0.9828370846807957
BayesMMRL_caltech101_16shot_seed1,BayesMMRL,caltech101,16,1,test,66,10,1.0,0.0012468164786696434,0.9917384326457978,1.0,0.0021793300843910403,0.9967605173587799,1.0,0.0010766702820546926,0.9961643576622009
BayesMMRL_caltech101_16shot_seed1,BayesMMRL,caltech101,16,1,test,67,11,1.0,1.1315532571064647e-05,0.9999102841724049,1.0,2.0944588382834892e-07,0.9999996315349232,1.0,1.3285522196714406e-06,0.9999899864196777
BayesMMRL_caltech101_16shot_seed1,BayesMMRL,caltech101,16,1,test,68,14,1.0,0.00023256143322214484,0.9975577422550747,1.0,0.0001263819160937731,0.9995374977588654,1.0,7.773226492905192e-05,0.9991980067321232
BayesMMRL_caltech101_16shot_seed1,BayesMMRL,caltech101,16,1,test,69,11,1.0,4.2069788006219e-05,0.9989159378138456,1.0,2.0034443216652356e-05,0.9997860084880482,1.0,1.0675655423917554e-05,0.999668609012257
BayesMMRL_caltech101_16shot_seed1,BayesMMRL,caltech101,16,1,test,70,14,1.0,0.00020732597373093346,0.9953746667930058,1.0,0.0023494660942690515,0.9930310675076076,1.0,0.0001718464708184391,0.9963242028440747
BayesMMRL_caltech101_16shot_seed1,BayesMMRL,caltech101,16,1,test,71,16,1.0,0.00019031211559195071,0.9977510496973991,1.0,0.011388107386892443,0.9775120355188847,1.0,0.0003015328220499214,0.9985142797231674
BayesMMRL_caltech101_16shot_seed1,BayesMMRL,caltech101,16,1,test,72,10,0.9,0.010337059886660427,0.912074875831604,1.0,0.050840703855647006,0.8592414736747742,1.0,0.010531619773246348,0.9183024227619171
BayesMMRL_caltech101_16shot_seed1,BayesMMRL,caltech101,16,1,test,73,18,1.0,0.00021325971465557814,0.9974274701542325,0.9444444444444444,0.002178048331769686,0.9889980322784848,1.0,0.00041628193866927177,0.994286103381051
BayesMMRL_caltech101_16shot_seed1,BayesMMRL,caltech101,16,1,test,74,25,1.0,0.000444516409188509,0.9971587109565735,1.0,0.0005653238127706573,0.9989890527725219,1.0,0.0002940439572557807,0.9986696815490723
BayesMMRL_caltech101_16shot_seed1,BayesMMRL,caltech101,16,1,test,75,17,0.9411764705882353,0.006441206876736353,0.9471440806108362,0.9411764705882353,0.009655977249220835,0.9527846329352435,0.9411764705882353,0.004913184985258233,0.9666637918528389
BayesMMRL_caltech101_16shot_seed1,BayesMMRL,caltech101,16,1,test,76,15,1.0,6.697204856512448e-05,0.9991626501083374,1.0,2.838539292800609e-07,0.9999984741210938,1.0,3.6216818746955446e-06,0.9999554713567098
BayesMMRL_caltech101_16shot_seed1,BayesMMRL,caltech101,16,1,test,77,12,1.0,0.00014389883532809714,0.9943813532590866,1.0,0.00019910373324213046,0.9989405622084936,1.0,6.549602039740421e-05,0.9976549446582794
BayesMMRL_caltech101_16shot_seed1,BayesMMRL,caltech101,16,1,test,78,18,0.7222222222222222,0.024945851001474593,0.71633224023713,0.8333333333333334,0.03355584752797666,0.8966550959481133,0.7222222222222222,0.024329700817664463,0.8030989335642921
BayesMMRL_caltech101_16shot_seed1,BayesMMRL,caltech101,16,1,test,79,11,0.9090909090909091,0.009027739478783174,0.9513507268645547,0.9090909090909091,0.01790337068285391,0.9319749582897533,0.9090909090909091,0.006296969722660089,0.9564035914160989
BayesMMRL_caltech101_16shot_seed1,BayesMMRL,caltech101,16,1,test,80,25,0.92,0.01961532302782871,0.8813170111179351,0.92,0.03681401077108603,0.9423306560516358,0.92,0.0202885061618872,0.914555218219757
BayesMMRL_caltech101_16shot_seed1,BayesMMRL,caltech101,16,1,test,81,18,1.0,0.006571363931774006,0.9491664949390624,0.9444444444444444,0.014885308246694725,0.9791882932186127,0.9444444444444444,0.003757038812182145,0.9803597629070282
BayesMMRL_caltech101_16shot_seed1,BayesMMRL,caltech101,16,1,test,82,10,1.0,0.00018998528830707073,0.9964177787303925,1.0,1.4246301725506783e-05,0.9999290227890014,1.0,3.2974040368571875e-05,0.999499362707138
BayesMMRL_caltech101_16shot_seed1,BayesMMRL,caltech101,16,1,test,83,19,1.0,6.707843797477453e-05,0.9976870511707506,1.0,1.5514572863283222e-05,0.9998237835733514,1.0,1.3903118853800392e-05,0.9995589068061427
BayesMMRL_caltech101_16shot_seed1,BayesMMRL,caltech101,16,1,test,84,14,1.0,0.0037750261835753918,0.9779171390192849,1.0,0.007276919735366911,0.9791211954184941,1.0,0.001600294463319837,0.989584356546402
BayesMMRL_caltech101_16shot_seed1,BayesMMRL,caltech101,16,1,test,85,26,1.0,0.00020942215465206222,0.9982313995177929,1.0,2.263435353510291e-05,0.9998734455842239,1.0,7.890491682561472e-05,0.9993538994055527
BayesMMRL_caltech101_16shot_seed1,BayesMMRL,caltech101,16,1,test,86,17,0.9411764705882353,0.0033726896885234643,0.9507516236866221,0.9411764705882353,0.0013855098712370177,0.9917549701297984,0.9411764705882353,0.0020201758974615265,0.9803979116327622
BayesMMRL_caltech101_16shot_seed1,BayesMMRL,caltech101,16,1,test,87,19,1.0,1.0728619312622437e-05,0.999725413949866,1.0,9.344897491820647e-05,0.9992972926089638,1.0,6.742477891844158e-06,0.999804299128683
BayesMMRL_caltech101_16shot_seed1,BayesMMRL,caltech101,16,1,test,88,10,1.0,0.000159953604452312,0.9966246545314789,1.0,8.726070227567106e-05,0.9991447806358338,1.0,4.541336675174534e-05,0.9990678548812866
BayesMMRL_caltech101_16shot_seed1,BayesMMRL,caltech101,16,1,test,89,26,1.0,2.5968161375763324e-05,0.9995401639204758,1.0,7.628908021545683e-07,0.9999926090240479,1.0,2.3309921044319008e-06,0.9999501498845907
BayesMMRL_caltech101_16shot_seed1,BayesMMRL,caltech101,16,1,test,90,15,1.0,0.0016850681405533882,0.997847314675649,1.0,0.0002800223887182559,0.9996087471644084,1.0,0.000528798882078263,0.9995606621106465
BayesMMRL_caltech101_16shot_seed1,BayesMMRL,caltech101,16,1,test,91,26,1.0,0.00791701337444605,0.9746285860355084,1.0,0.0018573384788634138,0.9963751251880939,1.0,0.003368541256559883,0.9906339461986835
BayesMMRL_caltech101_16shot_seed1,BayesMMRL,caltech101,16,1,test,92,22,1.0,0.0004733455313147384,0.9925960546190088,1.0,0.0003598820147255372,0.9973701238632202,1.0,0.0001285563901712356,0.9986126775091345
BayesMMRL_caltech101_16shot_seed1,BayesMMRL,caltech101,16,1,test,93,71,1.0,0.0015874218378498048,0.9924969228220658,0.9859154929577465,0.004585960777136202,0.9777435265796285,1.0,0.000990880156037542,0.9946613916209046
BayesMMRL_caltech101_16shot_seed1,BayesMMRL,caltech101,16,1,test,94,12,0.5833333333333334,0.027305697401364643,0.7091425508260727,0.6666666666666666,0.0661068893969059,0.8177963048219681,0.5833333333333334,0.02987457811832428,0.7524447391430537
BayesMMRL_caltech101_16shot_seed1,BayesMMRL,caltech101,16,1,test,95,17,1.0,0.0004111442591666299,0.9961561771000133,1.0,0.00046131762877955814,0.9981159217217389,1.0,0.0002646524893969078,0.998050381155575
BayesMMRL_caltech101_16shot_seed1,BayesMMRL,caltech101,16,1,test,96,10,0.8,0.0056730238255113365,0.9553172051906585,0.8,0.0010551256062171887,0.9944187223911285,0.8,0.0023227610625326635,0.9808708786964416
BayesMMRL_caltech101_16shot_seed1,BayesMMRL,caltech101,16,1,test,97,17,1.0,0.010841236723696484,0.9160723335602704,1.0,0.006884088863016051,0.9669868665582994,1.0,0.006153909160810358,0.9622685453471016
BayesMMRL_caltech101_16shot_seed1,BayesMMRL,caltech101,16,1,test,98,11,0.9090909090909091,0.007065511139279062,0.9356697255914862,0.9090909090909091,0.004864994351836768,0.9541292244737799,0.9090909090909091,0.004384582684989172,0.9368461966514587
BayesMMRL_caltech101_16shot_seed1,BayesMMRL,caltech101,16,1,test,99,18,1.0,2.702866549952887e-05,0.9996649589803484,1.0,7.6085125328972936e-06,0.9999448193444146,1.0,8.672998875327823e-06,0.9998801449934641
MMRL_caltech101_16shot_seed1,MMRL,caltech101,16,1,test,0,130,1.0,-1.508742570877075e-08,0.9807072171798119,0.9923076923076923,-2.0671779146561254e-08,0.9886432021856308,1.0,-1.419908725298368e-08,0.9933334717383752
MMRL_caltech101_16shot_seed1,MMRL,caltech101,16,1,test,1,60,0.9666666666666667,-2.0520140727361045e-08,0.956197664141655,0.9166666666666666,-1.7057755030691624e-08,0.9673606013258298,0.9666666666666667,-1.0848937866588433e-08,0.9691710303227107
MMRL_caltech101_16shot_seed1,MMRL,caltech101,16,1,test,2,239,1.0,-1.479010389938514e-08,0.9939867440127927,1.0,-1.69738653704337e-08,0.9984163671856645,1.0,-1.9199273326905702e-08,0.9985586808815162
MMRL_caltech101_16shot_seed1,MMRL,caltech101,16,1,test,3,16,1.0,-1.115677150664851e-08,0.9996991604566574,1.0,-1.862701992649818e-08,0.9999935179948807,1.0,-1.863281795522198e-08,0.9999434724450111
MMRL_caltech101_16shot_seed1,MMRL,caltech101,16,1,test,4,240,1.0,-1.594889909029007e-08,0.9811392933130264,0.9916666666666667,-1.468943082727492e-08,0.9836370889097452,1.0,-1.2186743939916293e-08,0.9896820166458686
MMRL_caltech101_16shot_seed1,MMRL,caltech101,16,1,test,5,13,0.7692307692307693,-1.8195490925931015e-08,0.8307468432646531,0.9230769230769231,-1.8340034994952685e-08,0.8752435537484976,0.9230769230769231,-9.169945350060097e-09,0.8719388040212485
MMRL_caltech101_16shot_seed1,MMRL,caltech101,16,1,test,6,13,1.0,-2.3784545751718376e-08,0.9497488553707416,1.0,-2.750661783815863e-08,0.9926447593248807,1.0,-2.2575617409669437e-08,0.9852791245167072
MMRL_caltech101_16shot_seed1,MMRL,caltech101,16,1,test,7,14,1.0,-8.45882043774639e-09,0.9974307247570583,1.0,-1.7113052308559418e-08,0.9990343962396894,1.0,-2.136065242146807e-08,0.9993192085197994
MMRL_caltech101_16shot_seed1,MMRL,caltech101,16,1,test,8,16,0.9375,-3.743366505659651e-09,0.9550713300704956,0.9375,-2.2337871996569447e-08,0.9839805066585541,0.9375,-2.7967018922936404e-08,0.9658187031745911
MMRL_caltech101_16shot_seed1,MMRL,caltech101,16,1,test,9,14,0.8571428571428571,-4.6300036566598076e-08,0.8855789537940707,0.6428571428571429,-3.835053316184453e-08,0.903250013078962,0.8571428571428571,-2.021468909723418e-08,0.8716339426381248
MMRL_caltech101_16shot_seed1,MMRL,caltech101,16,1,test,10,10,0.8,-1.5978002920746803e-08,0.9747243285179138,0.9,-2.3861866793595256e-08,0.9516023218631744,0.9,-3.576569724828005e-08,0.9766026198863983
MMRL_caltech101_16shot_seed1,MMRL,caltech101,16,1,test,11,38,1.0,-1.2650975565377034e-08,0.9992329886085108,1.0,-1.1378227483012444e-08,0.9988790342682287,1.0,-6.22965576200697e-09,0.9997979528025577
MMRL_caltech101_16shot_seed1,MMRL,caltech101,16,1,test,12,29,1.0,-2.6624986966108453e-08,0.9946674252378529,1.0,-1.8493477094533114e-08,0.9998116246585188,1.0,-6.048077043017437e-09,0.9994787573814392
MMRL_caltech101_16shot_seed1,MMRL,caltech101,16,1,test,13,12,0.9166666666666666,-2.9802322387695312e-08,0.947263111670812,0.9166666666666666,-2.482556737959385e-08,0.9889685014883677,0.9166666666666666,-9.999591081092754e-09,0.9686511109272639
MMRL_caltech101_16shot_seed1,MMRL,caltech101,16,1,test,14,26,1.0,-2.3551715108064504e-09,0.998030580007113,1.0,-2.522854349361016e-08,0.9909470356427706,1.0,-6.9625317477262936e-09,0.9991925565096048
MMRL_caltech101_16shot_seed1,MMRL,caltech101,16,1,test,15,27,1.0,-1.5556536338947436e-08,0.958753706128509,0.9629629629629629,-2.4058088591253317e-08,0.9471254757157078,1.0,-2.937546620766322e-08,0.9676763073161796
MMRL_caltech101_16shot_seed1,MMRL,caltech101,16,1,test,16,15,1.0,-4.221995671590169e-09,0.9490520735581716,1.0,-4.043492178122203e-09,0.9677003542582194,1.0,-1.710529128710429e-08,0.9650836149851482
MMRL_caltech101_16shot_seed1,MMRL,caltech101,16,1,test,17,12,0.9166666666666666,-2.2293534129858017e-08,0.9508682290712992,1.0,-3.2411662687081844e-08,0.9919415016969045,1.0,-2.499048908551534e-08,0.956093430519104
MMRL_caltech101_16shot_seed1,MMRL,caltech101,16,1,test,18,36,1.0,-1.593596405453152e-08,0.9833494342035718,1.0,-1.4361123450928265e-08,0.9988618211613761,1.0,-1.6699131164285873e-08,0.9969868510961533
MMRL_caltech101_16shot_seed1,MMRL,caltech101,16,1,test,19,14,1.0,-1.7113052308559418e-08,0.9567682530198779,0.9285714285714286,-1.7562081820545117e-08,0.963633017880576,1.0,-1.6549685304718357e-08,0.9524615513426917
MMRL_caltech101_16shot_seed1,MMRL,caltech101,16,1,test,20,17,1.0,-1.4216365183100982e-08,0.9788113026057973,1.0,-2.450542524456978e-08,0.9924569200066959,1.0,-2.090511021806913e-08,0.9891797619707444
MMRL_caltech101_16shot_seed1,MMRL,caltech101,16,1,test,21,19,0.5789473684210527,-1.0097497387936242e-08,0.7755975629154005,0.5263157894736842,-9.552183512010073e-09,0.8916529040587576,0.5789473684210527,-1.0783735074495015e-08,0.846706465670937
MMRL_caltech101_16shot_seed1,MMRL,caltech101,16,1,test,22,32,1.0,-7.592461770400405e-09,0.9676088616251945,1.0,-1.1178144632140175e-08,0.993727307766676,1.0,-2.990782377310097e-08,0.9924612566828728
MMRL_caltech101_16shot_seed1,MMRL,caltech101,16,1,test,23,14,0.9285714285714286,-2.078845032623836e-08,0.9327780859810966,0.9285714285714286,-4.748082054512841e-09,0.9635421591145652,0.9285714285714286,4.656612873077393e-10,0.9629720790045602
MMRL_caltech101_16shot_seed1,MMRL,caltech101,16,1,test,24,21,0.9047619047619048,-2.5034837779544647e-08,0.9282812135560172,0.9523809523809523,-9.752902823969461e-09,0.9710131599789574,0.9523809523809523,-3.139887537275042e-08,0.9477429971808479
MMRL_caltech101_16shot_seed1,MMRL,caltech101,16,1,test,25,22,0.9545454545454546,-1.5832483768463135e-08,0.934087869795886,0.9545454545454546,-2.8534982861443e-09,0.9473963163115762,0.9545454545454546,-1.090070740743117e-08,0.9238851422613318
MMRL_caltech101_16shot_seed1,MMRL,caltech101,16,1,test,26,21,0.6666666666666666,-5.676632835751488e-09,0.8898654125985646,0.6190476190476191,-1.3232541580994924e-08,0.9485994293576195,0.6666666666666666,-5.144448507399786e-09,0.9355112938653856
MMRL_caltech101_16shot_seed1,MMRL,caltech101,16,1,test,27,15,1.0,-2.483526865641276e-10,0.9397679487864177,0.9333333333333333,-2.5454695181300243e-08,0.9350952863693237,1.0,-8.443991343180338e-09,0.9435558199882508
MMRL_caltech101_16shot_seed1,MMRL,caltech101,16,1,test,28,15,0.6,-9.934107462565104e-09,0.8362782756487529,0.5333333333333333,-3.731014051785072e-08,0.8976893782615661,0.6,-1.241763432820638e-08,0.8819979310035706
MMRL_caltech101_16shot_seed1,MMRL,caltech101,16,1,test,29,18,0.8888888888888888,-1.126641614569558e-08,0.9639400839805603,1.0,-1.6763301068244296e-08,0.9805241657627953,0.9444444444444444,-2.024333096212811e-08,0.9726188447740343
MMRL_caltech101_16shot_seed1,MMRL,caltech101,16,1,test,30,20,1.0,-5.931360647082329e-09,0.9988427489995957,1.0,-2.0864990801783278e-08,0.9999755412340164,1.0,-1.788066583685577e-08,0.999856847524643
MMRL_caltech101_16shot_seed1,MMRL,caltech101,16,1,test,31,16,1.0,-2.248998498544097e-08,0.9981912896037102,1.0,-1.4904685485817026e-08,0.9984790086746216,1.0,-1.859552867244929e-08,0.9989209100604057
MMRL_caltech101_16shot_seed1,MMRL,caltech101,16,1,test,32,20,1.0,-1.8710852600634097e-08,0.9841910123825073,1.0,-2.08588971872814e-08,0.9984985589981079,1.0,2.7648638933897017e-11,0.9954960137605667
MMRL_caltech101_16shot_seed1,MMRL,caltech101,16,1,test,33,20,0.9,-7.986091077327728e-09,0.912870854139328,1.0,-9.23246261663735e-09,0.9750842481851578,0.95,-1.0384246706962586e-08,0.9405374169349671
MMRL_caltech101_16shot_seed1,MMRL,caltech101,16,1,test,34,22,1.0,-1.0054050521417097e-08,0.973399430513382,1.0,-1.0914597871967337e-08,0.9844810339537534,1.0,-1.901273869655349e-08,0.9890403828837655
MMRL_caltech101_16shot_seed1,MMRL,caltech101,16,1,test,35,19,1.0,-3.002289878694635e-09,0.9652767479419708,0.9473684210526315,-1.567777393287734e-08,0.9943667148288927,0.9473684210526315,-1.5697687080031947e-08,0.9790253670592057
MMRL_caltech101_16shot_seed1,MMRL,caltech101,16,1,test,36,16,1.0,-1.4711986295878887e-08,0.9777152575552464,1.0,-2.581464286777191e-08,0.9809989295899868,1.0,-3.747118171304464e-09,0.9817784428596497
MMRL_caltech101_16shot_seed1,MMRL,caltech101,16,1,test,37,19,1.0,-1.507272061548735e-08,0.9736608266830444,1.0,-2.514570951461792e-08,0.9950913504550332,1.0,-1.2241990158432409e-08,0.9852844727666754
MMRL_caltech101_16shot_seed1,MMRL,caltech101,16,1,test,38,26,1.0,-2.759490878536151e-08,0.9950523170141073,0.9615384615384616,-1.760753758180027e-08,0.9714629581341376,1.0,-5.698893801309168e-09,0.9919948577880859
MMRL_caltech101_16shot_seed1,MMRL,caltech101,16,1,test,39,20,0.95,-1.4940451364964247e-08,0.972175607085228,1.0,-1.6346166376024484e-08,0.9789087802171708,1.0,-1.4589750207960606e-08,0.9828547179698944
MMRL_caltech101_16shot_seed1,MMRL,caltech101,16,1,test,40,20,1.0,-2.3469328880310058e-08,0.9525968343019485,1.0,-1.908658759930404e-08,0.9918771505355835,1.0,-9.260838851332664e-09,0.9842567026615143
MMRL_caltech101_16shot_seed1,MMRL,caltech101,16,1,test,41,14,0.8571428571428571,-1.623162201472691e-08,0.8333913215569088,0.8571428571428571,-3.431757379855428e-08,0.9197081795760563,0.9285714285714286,8.182334048407419e-09,0.8886382579803467
MMRL_caltech101_16shot_seed1,MMRL,caltech101,16,1,test,42,10,1.0,-2.3870961740612985e-08,0.99825040102005,1.0,-2.384217623330187e-08,0.9998889148235321,1.0,-3.007444320246577e-08,0.9994877517223358
MMRL_caltech101_16shot_seed1,MMRL,caltech101,16,1,test,43,10,1.0,-1.2014061212539673e-08,0.9046053260564804,0.9,-1.7887202830024762e-08,0.955398428440094,1.0,5.582114681601525e-09,0.9416835606098175
MMRL_caltech101_16shot_seed1,MMRL,caltech101,16,1,test,44,15,1.0,-2.8808911641438802e-08,0.9878288467725118,1.0,-1.4035686035640537e-08,0.9940761923789978,1.0,-2.7879529322187104e-08,0.9919895370801289
MMRL_caltech101_16shot_seed1,MMRL,caltech101,16,1,test,45,29,1.0,-3.789519441538843e-09,0.9728599961461692,1.0,-2.7700825112647022e-08,0.9920850725009523,1.0,-2.3124498668415793e-08,0.9847302889001781
MMRL_caltech101_16shot_seed1,MMRL,caltech101,16,1,test,46,30,0.9666666666666667,-1.414712945309778e-08,0.9561866596341133,0.9333333333333333,-2.2371724147281687e-08,0.9689265569051106,0.9666666666666667,-1.614850286083917e-08,0.9606170992056529
MMRL_caltech101_16shot_seed1,MMRL,caltech101,16,1,test,47,13,1.0,-6.868503987789154e-09,0.992178696852464,1.0,-9.189394544451856e-09,0.9854423770537744,1.0,-1.834660696868713e-08,0.9925762781730065
MMRL_caltech101_16shot_seed1,MMRL,caltech101,16,1,test,48,16,1.0,-3.856257535517216e-09,0.964007169008255,0.875,-2.976412361022085e-08,0.9687749333679676,0.9375,-2.2264430299401283e-08,0.966582152992487
MMRL_caltech101_16shot_seed1,MMRL,caltech101,16,1,test,49,26,1.0,-1.6092179486384758e-08,0.9866051742663751,1.0,-6.915517867757724e-09,0.9401641946572524,1.0,-2.0921176586013573e-08,0.9848481577176315
MMRL_caltech101_16shot_seed1,MMRL,caltech101,16,1,test,50,24,1.0,-1.0365814281006655e-08,0.9583032603065172,0.9166666666666666,-2.2342438417884598e-08,0.9817868346969286,0.9583333333333334,-1.0103273477094868e-08,0.9793647776047388
MMRL_caltech101_16shot_seed1,MMRL,caltech101,16,1,test,51,9,1.0,2.4253192047278085e-12,0.9999752442042033,1.0,1.578983857244667e-15,0.9999997748268975,1.0,-1.3245476616753471e-08,0.9999975230958726
MMRL_caltech101_16shot_seed1,MMRL,caltech101,16,1,test,52,19,1.0,-2.841452920907422e-08,0.9619333822476236,1.0,-6.666690497892982e-09,0.9919401093533164,1.0,-2.509335373408823e-08,0.9841714124930533
MMRL_caltech101_16shot_seed1,MMRL,caltech101,16,1,test,53,26,0.9615384615384616,-1.1471386712331038e-08,0.9841600335561312,1.0,-1.4872617052438168e-08,0.9974103042712579,1.0,-1.6178931288707716e-08,0.996653790657337
MMRL_caltech101_16shot_seed1,MMRL,caltech101,16,1,test,54,34,0.8235294117647058,-1.0710209608078003e-08,0.891682942123974,0.7941176470588235,-1.2911828782628564e-08,0.9137711507432601,0.8529411764705882,-2.1875808563302544e-08,0.8964102373403662
MMRL_caltech101_16shot_seed1,MMRL,caltech101,16,1,test,55,19,0.8947368421052632,-1.95761554335293e-09,0.9711578080528661,0.9473684210526315,-1.2548154795934496e-08,0.9346592457670915,0.8947368421052632,-1.386261398070737e-08,0.9831526781383314
MMRL_caltech101_16shot_seed1,MMRL,caltech101,16,1,test,56,25,1.0,-4.721805453300476e-09,0.9961294770240784,1.0,-7.11152097210288e-09,0.9994730019569397,1.0,-2.1548476070165633e-08,0.9988345289230347
MMRL_caltech101_16shot_seed1,MMRL,caltech101,16,1,test,57,23,1.0,-1.600963751906934e-08,0.9556161839029064,0.9565217391304348,-1.5661973283504663e-08,0.9663715932680212,1.0,-9.341064192678617e-09,0.9640275239944458
MMRL_caltech101_16shot_seed1,MMRL,caltech101,16,1,test,58,13,0.7692307692307693,-1.3468357232900766e-08,0.9023924103150001,0.6923076923076923,-9.143360120315965e-09,0.8906522209827716,0.7692307692307693,-1.6405605352841892e-08,0.909689506659141
MMRL_caltech101_16shot_seed1,MMRL,caltech101,16,1,test,59,20,0.75,-1.0430812835693359e-08,0.8586479276418686,0.65,-3.044597178814001e-08,0.9446883171796798,0.65,-2.384185791015625e-08,0.912022939324379
MMRL_caltech101_16shot_seed1,MMRL,caltech101,16,1,test,60,12,1.0,-1.9907020032405853e-08,0.8268457502126694,0.8333333333333334,-1.5211791530115686e-08,0.9477293292681376,0.9166666666666666,-1.4891459917028746e-08,0.8680678531527519
MMRL_caltech101_16shot_seed1,MMRL,caltech101,16,1,test,61,12,0.8333333333333334,0.0,0.9139172583818436,0.9166666666666666,-2.243420264373223e-08,0.9213092476129532,0.9166666666666666,-1.9858513648311298e-08,0.9329830780625343
MMRL_caltech101_16shot_seed1,MMRL,caltech101,16,1,test,62,26,1.0,-1.586382635510885e-08,0.9995258175409757,1.0,-6.8814905227135075e-09,0.9999775405113513,1.0,-6.88641403730099e-09,0.9999465827758496
MMRL_caltech101_16shot_seed1,MMRL,caltech101,16,1,test,63,10,1.0,-1.78641130332835e-08,0.9997966885566711,1.0,-2.3841968754823027e-08,0.9999953985214234,1.0,-1.6734702512621878e-11,0.999976646900177
MMRL_caltech101_16shot_seed1,MMRL,caltech101,16,1,test,64,23,0.9565217391304348,-3.188767510911693e-08,0.9763544642406962,1.0,-2.8136918959005372e-08,0.9872781167859617,0.9565217391304348,-1.0539382777136305e-08,0.9666186661823936
MMRL_caltech101_16shot_seed1,MMRL,caltech101,16,1,test,65,16,1.0,-1.7782440409064293e-08,0.9825583323836327,1.0,-3.7252920748187535e-09,0.9846708215773106,1.0,-1.1248630471527576e-08,0.9922860860824585
MMRL_caltech101_16shot_seed1,MMRL,caltech101,16,1,test,66,10,1.0,-1.2200325727462768e-08,0.9918205261230468,1.0,-1.5638943295925856e-08,0.9822640895843506,1.0,-2.0640436559915544e-08,0.9924451231956481
MMRL_caltech101_16shot_seed1,MMRL,caltech101,16,1,test,67,11,1.0,-5.426624160132964e-09,0.9997081106359308,1.0,-5.418769594650092e-09,0.9999999024651267,1.0,-2.1674741839722792e-08,0.9999868653037332
MMRL_caltech101_16shot_seed1,MMRL,caltech101,16,1,test,68,14,1.0,4.373889948640551e-09,0.9988096569265638,1.0,-1.7034056197319713e-08,0.9993985337870461,1.0,-1.707147540790694e-08,0.9994893031460899
MMRL_caltech101_16shot_seed1,MMRL,caltech101,16,1,test,69,11,1.0,-2.1653249859809875e-08,0.9994913989847357,1.0,-5.419430883855305e-09,0.9997195384719155,1.0,0.0,0.9998021992770109
MMRL_caltech101_16shot_seed1,MMRL,caltech101,16,1,test,70,14,1.0,-2.1599199888961655e-08,0.9975650140217373,1.0,-1.2934119045634621e-08,0.9890084351812091,1.0,-4.226811662582415e-09,0.9974358763013568
MMRL_caltech101_16shot_seed1,MMRL,caltech101,16,1,test,71,16,1.0,-8.265487849712372e-09,0.9979961924254894,1.0,-2.282286004628986e-08,0.9949824288487434,1.0,3.448803909122944e-09,0.9992201589047909
MMRL_caltech101_16shot_seed1,MMRL,caltech101,16,1,test,72,10,1.0,-1.2014061212539673e-08,0.9318962931632996,1.0,-2.9802322387695312e-08,0.8463214039802551,1.0,-2.9831426218152046e-08,0.9232132494449615
MMRL_caltech101_16shot_seed1,MMRL,caltech101,16,1,test,73,18,1.0,-2.294271123699016e-08,0.9934029347366757,0.9444444444444444,-2.6709434071866173e-08,0.9894904692967733,1.0,-1.32826648445593e-08,0.9847379823525747
MMRL_caltech101_16shot_seed1,MMRL,caltech101,16,1,test,74,25,1.0,-1.3438984751701355e-08,0.9963889122009277,1.0,-2.1684973035007716e-08,0.9977337694168091,1.0,-7.199123501777649e-09,0.9980599498748779
MMRL_caltech101_16shot_seed1,MMRL,caltech101,16,1,test,75,17,0.9411764705882353,-1.8571667811449836e-08,0.9777879504596486,0.8823529411764706,-2.137248349540374e-08,0.957033304607167,0.9411764705882353,-1.7496538074577556e-09,0.9816036154242123
MMRL_caltech101_16shot_seed1,MMRL,caltech101,16,1,test,76,15,1.0,-8.011314397056897e-09,0.9995091954867045,1.0,-1.5894844788514698e-08,0.9999905904134114,1.0,-3.9542404313882194e-09,0.9999356190363566
MMRL_caltech101_16shot_seed1,MMRL,caltech101,16,1,test,77,12,1.0,-1.0244548320770264e-08,0.9928973019123077,1.0,-1.981364524302383e-08,0.9990525543689728,1.0,-3.474027228852113e-08,0.9974731703599294
MMRL_caltech101_16shot_seed1,MMRL,caltech101,16,1,test,78,18,0.7222222222222222,-1.3762878047095405e-08,0.769134004910787,0.8333333333333334,-1.3038920264484155e-08,0.9534326924218072,0.8333333333333334,-1.1874362826347351e-08,0.8605059815777673
MMRL_caltech101_16shot_seed1,MMRL,caltech101,16,1,test,79,11,0.9090909090909091,-3.805458122356371e-08,0.9070710973306135,0.9090909090909091,-1.1509407406926832e-08,0.9519783881577578,0.9090909090909091,-1.269985329021107e-10,0.9264406643130563
MMRL_caltech101_16shot_seed1,MMRL,caltech101,16,1,test,80,25,0.88,-2.385582774877548e-08,0.8888223850727082,0.88,-2.1909909264650196e-08,0.9602678966522217,0.88,-7.229391485452652e-09,0.9304615712165832
MMRL_caltech101_16shot_seed1,MMRL,caltech101,16,1,test,81,18,1.0,-3.337239225705465e-09,0.9829757677184211,0.8888888888888888,-1.2468989199179406e-08,0.991563489039739,1.0,-2.3155735107138753e-08,0.9729436172379388
MMRL_caltech101_16shot_seed1,MMRL,caltech101,16,1,test,82,10,1.0,-4.168832674622536e-08,0.9965961217880249,1.0,-2.3840402718633413e-08,0.9998861670494079,1.0,-1.7951242625713347e-08,0.9995258033275605
MMRL_caltech101_16shot_seed1,MMRL,caltech101,16,1,test,83,19,1.0,-1.8899108430272654e-08,0.9991758308912578,1.0,-3.44522337208649e-08,0.9999055423234638,1.0,-9.426577506881011e-09,0.9997889901462355
MMRL_caltech101_16shot_seed1,MMRL,caltech101,16,1,test,84,14,1.0,-2.369883337191173e-08,0.9592095954077584,1.0,-1.2855577681745802e-08,0.9968031346797943,1.0,-4.498620650597981e-09,0.9927577929837363
MMRL_caltech101_16shot_seed1,MMRL,caltech101,16,1,test,85,26,1.0,1.6768283855456572e-09,0.9980445343714494,1.0,-2.756062783121776e-08,0.9998668340536264,1.0,-2.279438586601128e-08,0.999390382033128
MMRL_caltech101_16shot_seed1,MMRL,caltech101,16,1,test,86,17,0.9411764705882353,-8.477774613043842e-09,0.9453197892974404,1.0,-2.1108837031266267e-08,0.9783305420595056,0.9411764705882353,-2.5912681046654197e-08,0.9604774573270012
MMRL_caltech101_16shot_seed1,MMRL,caltech101,16,1,test,87,19,1.0,6.433478311488503e-09,0.9992858108721281,1.0,-2.1851902649933963e-08,0.9998806997349388,1.0,-1.2651358510514624e-08,0.9998561896775898
MMRL_caltech101_16shot_seed1,MMRL,caltech101,16,1,test,88,10,1.0,-5.913898348808288e-09,0.9951144933700562,1.0,-1.1932570487260818e-08,0.9995556235313415,1.0,-1.7855199985206127e-08,0.9990513563156128
MMRL_caltech101_16shot_seed1,MMRL,caltech101,16,1,test,89,26,1.0,-4.565943247423722e-09,0.9997065915511205,1.0,-1.834856588035249e-08,0.9999741866038396,1.0,-4.584412985982803e-09,0.9999618851221524
MMRL_caltech101_16shot_seed1,MMRL,caltech101,16,1,test,90,15,1.0,5.005858838558197e-10,0.9973440329233806,1.0,-1.988235756774278e-08,0.9990882595380147,1.0,3.988679964095354e-09,0.9985696077346802
MMRL_caltech101_16shot_seed1,MMRL,caltech101,16,1,test,91,26,0.9615384615384616,-2.123292338532897e-08,0.9890544276971084,1.0,-2.7655695716405788e-08,0.9997550707596999,1.0,-1.1624461666752513e-08,0.984738480586272
MMRL_caltech101_16shot_seed1,MMRL,caltech101,16,1,test,92,22,1.0,-2.447929794222794e-08,0.9940893433310769,1.0,-1.8966106422753495e-08,0.9992113330147483,1.0,-1.6308066816153852e-08,0.9988681999119845
MMRL_caltech101_16shot_seed1,MMRL,caltech101,16,1,test,93,71,1.0,-1.3172967543064708e-08,0.9971591637168132,0.971830985915493,-1.1910025266484475e-08,0.9827850225945594,1.0,-8.333533425146425e-09,0.9936623548118162
MMRL_caltech101_16shot_seed1,MMRL,caltech101,16,1,test,94,12,0.5833333333333334,-2.483526865641276e-08,0.7847109287977219,0.8333333333333334,-1.8590071704238653e-08,0.9132838795582453,0.6666666666666666,-2.0954757928848267e-08,0.8191591501235962
MMRL_caltech101_16shot_seed1,MMRL,caltech101,16,1,test,95,17,1.0,-2.4351346142151778e-08,0.9929487424738267,1.0,-1.752553490565761e-08,0.9996009013232063,1.0,7.008887169992222e-09,0.9985800595844493
MMRL_caltech101_16shot_seed1,MMRL,caltech101,16,1,test,96,10,0.8,-2.2246968001127242e-08,0.9213312327861786,0.8,-4.547473508864641e-12,0.9597238004207611,0.8,-6.007030606269837e-09,0.9361626029014587
MMRL_caltech101_16shot_seed1,MMRL,caltech101,16,1,test,97,17,1.0,-1.4517675427829518e-08,0.9613788478514728,1.0,-2.490003894576255e-08,0.9703090892118567,1.0,-1.4846377512987922e-08,0.979208486921647
MMRL_caltech101_16shot_seed1,MMRL,caltech101,16,1,test,98,11,0.9090909090909091,-1.6214140817861666e-08,0.9412445317615162,0.9090909090909091,-5.421497917268425e-09,0.94574035839601,1.0,-1.895486176098612e-08,0.9180868132547899
MMRL_caltech101_16shot_seed1,MMRL,caltech101,16,1,test,99,18,1.0,-1.6532188359027106e-08,0.9994729293717278,1.0,-6.870221922225836e-09,0.9993494417932298,1.0,-1.9847195492022568e-08,0.9995724360148112
